"System","Tasks","CurrentSource","DataLevel","OverrideRule","Notes"
"Skill","task001-task005","06_本地原始运行\01_Skill\HAITUN_SKILL_OPUS5_SELECTED_FINAL_20260902_1335","raw+summary","latest formal selected",""
"Skill","task006-task010","06_本地原始运行\01_Skill\haitun-skill-opus5-task006-010-20260901","raw","latest standard available",""
"Skill","task011-task017","06_本地原始运行\01_Skill\HAITUN_SKILL_OPUS5_SELECTED_FINAL_20260902_1335","raw+summary","latest formal selected",""
"Skill","task018-task020","06_本地原始运行\01_Skill\haitun-skill-opus5-task018-020-20260901-nonthinking","raw","latest standard available",""
"Skill","task021-task022","09_旧版与非标准实验\03_旧版原始运行\01_Skill\HAITUN_SKILL_TASK021_030_RAW_20260831","historical only","do not include in current standard score","only DeepSeek data available"
"Skill","task023-task027","06_本地原始运行\01_Skill\HAITUN_SKILL_OPUS5_SELECTED_FINAL_20260902_1335","raw+summary","latest formal selected",""
"Skill","task028-task032","06_本地原始运行\01_Skill\HAITUN_SKILL_OPUS5_TASK028_032_FINAL_20260904","raw+summary","latest final",""
"Method","task001-task005","06_本地原始运行\02_Method\HAITUN_METHOD_001_005_SIMPLEPROMPT_20260903_RAW","raw","latest formal simpleprompt",""
"Method","task006-task010","06_本地原始运行\02_Method\haitun-method-opus5-task006-010-20260901-1355","raw","latest standard available",""
"Method","task011-task017","06_本地原始运行\02_Method\HAITUN_METHOD_011_017_SIMPLEPROMPT_20260903_RAW","raw","latest formal simpleprompt",""
"Method","task018-task020","06_本地原始运行\02_Method\CURRENT_TASK018_020_FROM_METHOD_OPUS5_20260901","raw subset","latest trials extracted from mixed batch","full mixed batch moved to 09"
"Method","task021-task022","09_旧版与非标准实验\03_旧版原始运行\02_Method\HISTORICAL_REPO_REPORTS_20260829_0902\haitun-method-task021-030-maxtokens32768-20260831-064048","historical only","do not include in current standard score","only DeepSeek/max_tokens data available"
"Method","task023-task027","06_本地原始运行\02_Method\CURRENT_TASK023_027_FROM_METHOD_SELECTED17_20260902","raw subset","latest trials extracted from mixed batch","full mixed batch moved to 09"
"Method","task028-task032","06_本地原始运行\02_Method\HAITUN_METHOD_028_032_20260904","raw","latest formal",""
"CC Dynamic Workflow","task001;task004;task014;task016;task031","06_本地原始运行\03_CC_Dynamic_Workflow\CC_DW_SELECTED_TASKS_WAIT0_RERUN_COMPLETE_20260905_EVIDENCE","raw+summary","latest valid wait0 rerun overrides older no-output results","configuration change must be disclosed"
"CC Dynamic Workflow","task002-task003;task005;task011-task013;task015;task023-task027","06_本地原始运行\03_CC_Dynamic_Workflow\CURRENT_RETAINED_12_TASKS_FROM_CC_DW_COMPLETE_20260902","raw subset","latest retained formal trials extracted from mixed batch","full mixed batch moved to 09"
"CC Dynamic Workflow","task006-task010","02_TASK001_032_最新数据\03_CC_仅有汇总的当前数据\CC_TASK006_010_CURRENT_SUMMARY.json","filtered summary","latest rows extracted from mixed summary","raw trial directories not archived locally"
"CC Dynamic Workflow","task017","02_TASK001_032_最新数据\03_CC_仅有汇总的当前数据\CC_TASK017_VALID_RETEST_CURRENT_SUMMARY.json","filtered summary","2026-09-04 valid retest overrides old infrastructure failure","accepted score 1/9; raw trial missing locally"
"CC Dynamic Workflow","task018-task020","02_TASK001_032_最新数据\03_CC_仅有汇总的当前数据\CC_TASK018_020_CURRENT_SUMMARY.json","filtered summary","latest rows extracted from mixed summary","raw trial directories not archived locally"
"CC Dynamic Workflow","task021","02_TASK001_032_最新数据\03_CC_仅有汇总的当前数据\CC_TASK021_CURRENT_SUMMARY.json","filtered summary","latest valid row extracted from mixed summary","raw trial directory not archived locally"
"CC Dynamic Workflow","task022","09_旧版与非标准实验\01_历史混合模型基线\02_历史基线与100题_001_030\04_CC_Opus5\CC_DYNAMIC_WORKFLOW_TASK021_030_EXPERIMENT_DATA.json","historical invalid only","do not include in current standard score","latest local run had no matching executable Workflow call"
"CC Dynamic Workflow","task028-task029","06_本地原始运行\03_CC_Dynamic_Workflow\CURRENT_TASK028_029_FROM_CC_DW_20260904","raw subset","latest trials extracted from mixed batch","full mixed batch moved to 09"
"CC Dynamic Workflow","task030;task032","06_本地原始运行\03_CC_Dynamic_Workflow\CURRENT_TASK030_AND_032_FROM_CC_CORRECTED_20260904","raw subset","corrected rerun trials extracted from mixed batch","task031 comes from wait0"
